{"schemaVersion":17,"addons":[{"id":"{7eb3f691-25b4-4a85-9038-9e57e2bcd537}","syncGUID":"N8kAD8fbLBz1","location":"app-profile","version":"0.4.4.1-signed.1-signed","type":"extension","internalName":null,"updateURL":null,"updateKey":null,"optionsURL":null,"optionsType":null,"aboutURL":null,"icons":{},"iconURL":null,"icon64URL":null,"defaultLocale":{"name":"XPath Checker","description":"Try out XPath expressions on the current web page.","creator":"Brian Slesinsky","homepageURL":null},"visible":true,"active":true,"userDisabled":false,"appDisabled":false,"descriptor":"C:\\Users\\snallamudi\\AppData\\Roaming\\Mozilla\\Firefox\\Profiles\\gd8lv0dy.default-1541045025272\\extensions\\{7eb3f691-25b4-4a85-9038-9e57e2bcd537}.xpi","installDate":1470414997544,"updateDate":1470414997544,"applyBackgroundUpdates":1,"bootstrap":false,"skinnable":false,"size":11344,"sourceURI":"https://addons.mozilla.org/firefox/downloads/latest/xpath-checker/addon-1095-latest.xpi?src=dp-btn-primary","releaseNotesURI":null,"softDisabled":false,"foreignInstall":false,"hasBinaryComponents":false,"strictCompatibility":false,"locales":[],"targetApplications":[{"id":"{ec8030f7-c20a-464f-9b0e-13a3a9e97384}","minVersion":"3.0","maxVersion":"26.*"}],"targetPlatforms":[],"multiprocessCompatible":false,"signedState":2,"seen":true},{"id":"e10srollout@mozilla.org","syncGUID":"JPjgx3wX59CX","location":"app-system-defaults","version":"1.0","type":"extension","internalName":null,"updateURL":null,"updateKey":null,"optionsURL":null,"optionsType":null,"aboutURL":null,"icons":{},"iconURL":null,"icon64URL":null,"defaultLocale":{"name":"Multi-process staged rollout","description":"Staged rollout of Firefox multi-process feature.","creator":null,"homepageURL":null},"visible":true,"active":true,"userDisabled":false,"appDisabled":false,"descriptor":"C:\\Program Files (x86)\\Mozilla Firefox\\browser\\features\\e10srollout@mozilla.org.xpi","installDate":1465560832882,"updateDate":1465084146000,"applyBackgroundUpdates":1,"bootstrap":true,"skinnable":false,"size":4580,"sourceURI":null,"releaseNotesURI":null,"softDisabled":false,"foreignInstall":false,"hasBinaryComponents":false,"strictCompatibility":false,"locales":[],"targetApplications":[{"id":"{ec8030f7-c20a-464f-9b0e-13a3a9e97384}","minVersion":"47.0","maxVersion":"47.0"}],"targetPlatforms":[],"multiprocessCompatible":false,"seen":true},{"id":"firefox@getpocket.com","syncGUID":"KwoGeDqXhMWC","location":"app-system-defaults","version":"1.0.2","type":"extension","internalName":null,"updateURL":null,"updateKey":null,"optionsURL":null,"optionsType":null,"aboutURL":null,"icons":{},"iconURL":null,"icon64URL":null,"defaultLocale":{"name":"Pocket","description":"When you find something you want to view later, put it in Pocket.","creator":null,"homepageURL":null},"visible":true,"active":true,"userDisabled":false,"appDisabled":false,"descriptor":"C:\\Program Files (x86)\\Mozilla Firefox\\browser\\features\\firefox@getpocket.com.xpi","installDate":1465560832870,"updateDate":1465084146000,"applyBackgroundUpdates":1,"bootstrap":true,"skinnable":false,"size":894473,"sourceURI":null,"releaseNotesURI":null,"softDisabled":false,"foreignInstall":false,"hasBinaryComponents":false,"strictCompatibility":false,"locales":[],"targetApplications":[{"id":"{ec8030f7-c20a-464f-9b0e-13a3a9e97384}","minVersion":"47.0","maxVersion":"47.0"}],"targetPlatforms":[],"multiprocessCompatible":false,"seen":true},{"id":"loop@mozilla.org","syncGUID":"F-3DM0wBVfNG","location":"app-system-defaults","version":"1.3.2","type":"extension","internalName":null,"updateURL":null,"updateKey":null,"optionsURL":null,"optionsType":null,"aboutURL":null,"icons":{},"iconURL":null,"icon64URL":null,"defaultLocale":{"name":"Firefox Hello","description":"Web sharing for Firefox","creator":"Mozilla","homepageURL":null},"visible":true,"active":true,"userDisabled":false,"appDisabled":false,"descriptor":"C:\\Program Files (x86)\\Mozilla Firefox\\browser\\features\\loop@mozilla.org.xpi","installDate":1465084146000,"updateDate":1465084146000,"applyBackgroundUpdates":1,"bootstrap":true,"skinnable":false,"size":4239168,"sourceURI":null,"releaseNotesURI":null,"softDisabled":false,"foreignInstall":false,"hasBinaryComponents":false,"strictCompatibility":false,"locales":[],"targetApplications":[{"id":"{ec8030f7-c20a-464f-9b0e-13a3a9e97384}","minVersion":"46.0a1","maxVersion":"47.*"},{"id":"xpcshell@tests.mozilla.org","minVersion":"0","maxVersion":"10"}],"targetPlatforms":[],"multiprocessCompatible":false,"seen":true},{"id":"{972ce4c6-7e08-4474-a285-3208198ce6fd}","syncGUID":"6Ed2EqpGMhMZ","location":"app-global","version":"47.0","type":"theme","internalName":"classic/1.0","updateURL":null,"updateKey":null,"optionsURL":null,"optionsType":null,"aboutURL":null,"icons":{"32":"icon.png","48":"icon.png"},"iconURL":null,"icon64URL":null,"defaultLocale":{"name":"Default","description":"The default theme.","creator":"Mozilla","homepageURL":null,"contributors":["Mozilla Contributors"]},"visible":true,"active":true,"userDisabled":false,"appDisabled":false,"descriptor":"C:\\Program Files (x86)\\Mozilla Firefox\\browser\\extensions\\{972ce4c6-7e08-4474-a285-3208198ce6fd}.xpi","installDate":1465560832896,"updateDate":1465084146000,"applyBackgroundUpdates":1,"skinnable":true,"size":22006,"sourceURI":null,"releaseNotesURI":null,"softDisabled":false,"foreignInstall":false,"hasBinaryComponents":false,"strictCompatibility":true,"locales":[],"targetApplications":[{"id":"{ec8030f7-c20a-464f-9b0e-13a3a9e97384}","minVersion":"47.0","maxVersion":"47.0"}],"targetPlatforms":[],"seen":true},{"id":"firebug@software.joehewitt.com","syncGUID":"zYcQ5X_iNBmA","location":"app-profile","version":"2.0.19","type":"extension","internalName":null,"updateURL":null,"updateKey":null,"optionsURL":null,"optionsType":null,"aboutURL":null,"icons":{},"iconURL":"chrome://firebug/skin/firebugBig.png","icon64URL":null,"defaultLocale":{"name":"Firebug","description":"Web Development Evolved. Firebug is free and open source software distributed under the BSD License.","creator":"Joe Hewitt","homepageURL":"http://www.getfirebug.com/","translators":["Leszek(teo)Zyczkowski (pl-PL)","markh (nl)","peter3 (sv-SE)","AlleyKat (da-DK)","Hector Zhao, lovelywcm (zh-CN)","Lukas Kucharczyk, Michal Kec (cs-CZ)","Team erweiterungen.de, ReinekeFux, Benedikt Langens, Sebastian Zartner (de-DE)","l0stintranslation, gonzalopirobutirro, Luigi Grilli (it-IT)","alexxed (ro-RO)","Nicolas Martin, Franck Marcia (fr-FR)","gLes (hu-HU)","Xavi Ivars - Softcatala (ca)","gezmen (tr-TR)","eternoendless (es-AR)","Dark Preacher (ru)","Tiago Oliveira, Diego de Carvalho Zimmermann, Alexandre Rapaki (pt-BR)","Juan Botias, Alvaro G. Vicario (es-ES)","Andriy Zhouck (uk-UA)","Hisateru Tanaka, k2jp (ja-JP)","Mohsen Shadroo (fa-IR)","Eduard Babayan (hy-AM)","Helder Magalhaes (pt-PT)","Tomaz Macus (sl-SI)","Stoyan Stefanov, Alexander Shopov (bg)","Kristjan Bjarni Guomundsson (is-IS)","NGUYEN Manh Hung (vi-VN)","Bwah (hr-HR)","Sonickydon (el)","David Gonzales (es)","DakSrbija (sr)","bootleq (zh-TW)","Asier Iturralde Sarasola, Julen Irazoki Oteiza (eu)"],"contributors":["John J. Barton (IBM Almaden)","Jan Odvarko (Mozilla Corp.)","Max Stepanov (Aptana Inc.)","Rob Campbell (Mozilla Corp.)","Hans Hillen (Paciello Group, Mozilla)","Curtis Bartley (Mozilla Corp.)","Mike Collins (IBM Almaden)","Kevin Decker","Mike Ratcliffe (Mozilla Corp.)","Hernan Rodriguez Colmeiro","Austin Andrews","Christoph Dorn","Steven Roussey (Illuminations for Developers)","Sebastian Zartner","Harutyun Amirjanyan","Simon Lindholm","Stampolidis Anastasios","Joe Walker (Mozilla Corp.)","Vladimir Zhuravlev","Farshid Beheshti","Leon Sorokin","Florent Fayolle","Hector Zhao","Bharath Thiruveedula","Nathan Mische","Belakhdar Abdeldjalil","Jakob Kaltenbrunner"]},"visible":true,"active":true,"userDisabled":false,"appDisabled":false,"descriptor":"C:\\Users\\snallamudi\\AppData\\Roaming\\Mozilla\\Firefox\\Profiles\\gd8lv0dy.default-1541045025272\\extensions\\firebug@software.joehewitt.com.xpi","installDate":1543368938367,"updateDate":1543368938367,"applyBackgroundUpdates":1,"bootstrap":true,"skinnable":false,"size":9681994,"sourceURI":"https://addons.cdn.mozilla.net/user-media/addons/1843/firebug-2.0.19-fx.xpi?filehash=sha256%3A71de039ceaabbe4d05a3e6db9b994864d1db9c2ba50517a6990930f5f0cbd089","releaseNotesURI":null,"softDisabled":false,"foreignInstall":false,"hasBinaryComponents":false,"strictCompatibility":false,"locales":[],"targetApplications":[{"id":"toolkit@mozilla.org","minVersion":"30.0a1","maxVersion":"56.*"},{"id":"{ec8030f7-c20a-464f-9b0e-13a3a9e97384}","minVersion":"30.0a1","maxVersion":"54.0"}],"targetPlatforms":[],"multiprocessCompatible":true,"signedState":2,"seen":true},{"id":"FireXPath@pierre.tholence.com","syncGUID":"{5f614ea5-c367-42bc-9f61-34c7dac68c9e}","location":"app-profile","version":"0.9.7.1.1-signed.1-signed","type":"extension","internalName":null,"updateURL":null,"updateKey":null,"optionsURL":null,"optionsType":null,"aboutURL":null,"icons":{},"iconURL":"chrome://firepath/content/FirePath.png","icon64URL":null,"defaultLocale":{"name":"FirePath","description":"FirePath is a Firebug extension that adds a development tool to edit, inspect and generate XPath 1.0 expressions, CSS 3 selectors and JQuery selectors.","creator":"Pierre Tholence","homepageURL":null,"contributors":["David Rees"]},"visible":true,"active":true,"userDisabled":false,"appDisabled":false,"descriptor":"C:\\Users\\snallamudi\\AppData\\Roaming\\Mozilla\\Firefox\\Profiles\\gd8lv0dy.default-1541045025272\\extensions\\FireXPath@pierre.tholence.com.xpi","installDate":1487326547448,"updateDate":1543368966465,"applyBackgroundUpdates":1,"bootstrap":false,"skinnable":false,"size":168435,"sourceURI":"https://addons.cdn.mozilla.net/user-media/addons/11900/firepath-0.9.7.1-fx.xpi?filehash=sha256%3Ab3500d4ccbd4c7f3c6d57a164f5eaf3a9d6a9cf18e3f3d78a419c65ead91e0df","releaseNotesURI":null,"softDisabled":false,"foreignInstall":false,"hasBinaryComponents":false,"strictCompatibility":false,"locales":[],"targetApplications":[{"id":"{ec8030f7-c20a-464f-9b0e-13a3a9e97384}","minVersion":"4.0","maxVersion":"34.*"}],"targetPlatforms":[],"multiprocessCompatible":true,"signedState":2,"seen":true}]}