{"chrome://browser/content/browser.xul":{"navigator-toolbox":{"iconsize":"small"},"titlebar-placeholder-on-menubar-for-caption-buttons":{"width":"138"},"titlebar-placeholder-on-TabsToolbar-for-captions-buttons":{"width":"138"},"main-window":{"screenX":"18","screenY":"18","width":"798","height":"558","sizemode":"maximized"},"nav-bar":{"currentset":"urlbar-container,search-container,bookmarks-menu-button,downloads-button,home-button,loop-button,pocket-button,firebug-badged-button","collapsed":""},"PersonalToolbar":{"collapsed":"false"},"fbMainFrame":{"width":"","height":""},"sidebar-box":{"sidebarcommand":"","width":"","src":""}},"chrome://xpathchecker/content/window.xul":{"xpathchecker-window":{"width":"700","height":"493"}},"chrome://browser/content/places/places.xul":{"placesContentTags":{"ordinal":"3"},"placesContentUrl":{"ordinal":"5"},"placesContentDate":{"ordinal":"7"},"placesContentVisitCount":{"ordinal":"9"},"placesContentDescription":{"ordinal":"11"},"placesContentDateAdded":{"ordinal":"13"},"placesContentLastModified":{"ordinal":"15"},"places":{"screenX":"10","screenY":"10","width":"700","height":"500","sizemode":"maximized"},"place:folder=TOOLBAR&excludeItems=1&expandQueries=0":{"open":"true"},"place:folder=21&excludeItems=1&expandQueries=0":{"open":"true"},"place:folder=BOOKMARKS_MENU&excludeItems=1&expandQueries=0":{"open":"true"},"place:folder=218&excludeItems=1&expandQueries=0":{"open":"true"}},"chrome://browser/content/sanitize.xul":{"detailsExpander":{"class":"expander-up"},"itemList":{"collapsed":"false"},"SanitizeDialog":{"screenX":"756","screenY":"443"}},"chrome://browser/content/bookmarks/bookmarksPanel.xul":{"place:folder=BOOKMARKS_MENU&queryType=1":{"open":"true"},"place:folder=TOOLBAR&queryType=1":{"open":"true"},"place:folder=45&queryType=1":{"open":"true"}},"chrome://browser/content/places/bookmarkProperties.xul":{"bookmarkproperties":{"width":"376","screenX":"780","screenY":"478"}},"chrome://firebug/content/firefox/firebug.xul":{"firebug":{"screenX":"560","screenY":"220","width":"800","height":"600","sizemode":"normal"}},"chrome://firebug/content/firefox/firebugFrame.xul":{"fbSidePanelDeck":{"width":"266"}}}